"","allsp","","","","","","","","","","","","","","","","","","","","","","","","","abund"
"1","ALCFLO","1.01221052660295","1.01188689462512","1.03052027255131","1.02011967550205","1.01615718144499","1.00789851896511","1.01031202615855","1.01312231948612","0.78","0.72","0.282","0.396","0.432","0.67","0.576","0.448","0.225271629226192","0.345507465157858","1.10513120828186","0.84740207733759","0.751503213729735","0.413415400937827","0.560776251876745","0.755511392132092","152"
"2","ALCLAT","0.982750888316102","0.995537629306773","0.997113354585165","1.00181330304676","0.998843838637776","1.00917983743111","1.00885509239346","1.01116362451521","0.616","0.848","0.906","0.9","0.92","0.456","0.438","0.298","-0.514198987521814","-0.196283153132754","-0.145381591365434","0.158052717730714","-0.0566190609279477","0.769097863645946","0.787757769084392","1.04856096347907","392"
"3","ANDINE","0.944867327995203","0.937830342178448","0.931232564430464","0.916826516790265","0.939242904310635","0.947435914714463","0.952813964898567","0.961548671516903","0.39","0.1","0.01","0.002","0.002","0.004","0.01","0.016","-0.93575752167924","-1.66650914601977","-2.46201508211679","-3.49708789711666","-2.81069693987236","-2.71457479849086","-2.67345398545632","-2.35231364822083","147"
"4","ANTOBT","1.20832742756793","1.11548555820964","1.05354446416309","1.03348980405122","1.04089553295374","1.00539115264551","0.987700457895131","0.985297817765156","0.244","0.312","0.566","0.66","0.574","0.92","0.852","0.78","1.24946410307081","1.03552432252549","0.565365044585141","0.422870308170693","0.5802011521508","0.0673424926273678","-0.223064578843011","-0.292958621040035","15"
"5","ARDGLA","1.04698427773283","0.962948119669416","0.908099897463163","0.895195904890407","0.90089126875831","0.892635466177627","0.893250699263957","0.907616857484823","0.402","0.374","0.006","0.002","0.002","0.002","0.002","0.002","0.819579964395846","-0.901216654188517","-2.74350478208915","-3.54236922638414","-3.71464123833891","-4.29740662225182","-4.59339023054704","-4.17679339711794","106"
"6","ARTALT","0.352173117627714","0.570104956885191","0.626009008638441","0.719641260236035","0.742671290546919","0.76468932582568","0.81094529010057","0.817853687692648","0.002","0.002","0.002","0.002","0.002","0.002","0.002","0.002","-3.54298563047462","-3.66056917404699","-4.11003209376188","-3.62252641049844","-3.90311229365668","-4.10728918358177","-3.72302511028011","-4.02612840763773","14"
"7","BEIPEN","1.25561723499868","1.35851203253515","1.27013523350186","1.42113361426215","1.32830011427414","1.20475786107613","1.11907221739932","1.08728538407724","0.696","0.344","0.298","0.072","0.088","0.214","0.402","0.474","0.477187226670758","0.995653107092125","1.012614000344","1.99610095774922","1.80845752411124","1.28285749996009","0.855701504910089","0.708365220712872","2"
"8","BRUPOR",NA,NA,NA,NA,NA,NA,NA,NA,NA,NA,NA,NA,NA,NA,NA,NA,NA,NA,NA,NA,NA,NA,NA,NA,"1"
"9","BUCTET","1.10800928625078","1.11772786298819","1.09539820678637","1.09627589488088","1.09761414166148","1.09692728652627","1.08162722391286","1.07146115674893","0.03","0.002","0.002","0.002","0.002","0.002","0.002","0.002","2.27405144752817","3.7507575944581","3.72850239976993","4.33537886559214","4.94924249794834","5.28973508049361","4.90239487072922","4.68189851901532","188"
"10","BYRSPI","1.12873279795334","1.11454331503476","1.08614173589628","1.07395910205359","1.07076142461112","1.06142771684516","1.05551307524738","1.05301704016701","0.004","0.002","0.002","0.002","0.002","0.002","0.002","0.002","3.40991918085037","4.79272726467132","4.64562501412787","4.65052018424067","4.88831524941045","4.68979636603377","4.56273297056129","4.60888538755858","308"
"11","BYRWAD","1.15434131055034","1.09325948130197","1.10922173383723","1.08110939383922","1.06148148751643","1.05921954162229","1.05800707039745","1.04359246128501","0.2","0.254","0.112","0.182","0.25","0.24","0.214","0.332","1.25917886986786","1.19477602985615","1.63111446700464","1.38566877011835","1.13490382474338","1.18345903112592","1.22880608628269","0.95520683084736","30"
"12","CALCAL","0.995312047880436","0.973501045004616","0.987869264634801","0.993589656483518","1.00002621234236","0.998898957529772","1.00795995374042","1.00753398747401","0.99","0.59","0.74","0.812","0.962","0.958","0.836","0.802","-0.0882943463191237","-0.569315952203793","-0.34135508134438","-0.238853584746923","-0.0516117098485491","-0.0839482899232269","0.260584880474542","0.261863585371487","66"
"13","CALSQU","0.801996388033564","0.773582532086217","0.844541138931476","0.861070211683684","0.885297775936524","0.89008433492381","0.878179410041315","0.87783798786368","0.14","0.006","0.026","0.026","0.042","0.034","0.016","0.012","-1.50042763456629","-2.81266666819707","-2.28207425497659","-2.31150091884992","-2.09673066546851","-2.15302900214768","-2.50162650685726","-2.64882410365613","26"
"14","CASARB","1.00491367515507","1.03858800197085","1.05051707721492","1.04768048694619","1.0484092911319","1.04489420885366","1.04037704636294","1.03652062401368","0.72","0.002","0.002","0.002","0.002","0.002","0.002","0.002","0.334574176970073","5.16192067431422","8.21229663859655","9.13505137227228","10.4215036952493","10.6375981593918","10.3970641766951","10.0115694632502","3093"
"15","CASDEC",NA,NA,NA,NA,NA,NA,NA,NA,NA,NA,NA,NA,NA,NA,NA,NA,NA,NA,NA,NA,NA,NA,NA,NA,"1"
"16","CASGUI",NA,NA,NA,NA,NA,NA,NA,NA,NA,NA,NA,NA,NA,NA,NA,NA,NA,NA,NA,NA,NA,NA,NA,NA,"1"
"17","CASSYL","0.909664220085415","0.882702536603907","0.896431834133739","0.909623010538064","0.919907687515239","0.927278125011497","0.931711477141869","0.939681024953504","0.002","0.002","0.002","0.002","0.002","0.002","0.002","0.002","-5.21799748930146","-10.0165313876935","-10.9297567626927","-11.0978912532239","-10.9640214080427","-10.9962875887235","-11.2679322937076","-10.6950931653789","1341"
"18","CECSCH","1.12684634930674","1.06079398263667","1.03646296311988","1.02403539538374","1.01853034402797","1.01221239143217","1.01269286959673","1.01266715782595","0.002","0.002","0.002","0.002","0.002","0.012","0.006","0.002","9.33491102906163","6.97486446396586","5.15072698703772","3.89268358547125","3.31804410557929","2.39260933371854","2.7076471130632","2.89564036953945","2476"
"19","CEIPEN",NA,NA,NA,NA,NA,NA,NA,NA,NA,NA,NA,NA,NA,NA,NA,NA,NA,NA,NA,NA,NA,NA,NA,NA,"1"
"20","CESMAC","1.11561134025751","0.86532170495076","0.973708361216857","0.88093237596965","0.893726380069066","0.927598005876192","0.942226282230549","1.00159259860825","0.62","0.344","0.792","0.216","0.226","0.37","0.424","0.968","0.505699272218419","-0.99187132893719","-0.290375781044432","-1.25583625617561","-1.25050768507862","-0.921341204800483","-0.802908491838288","-0.0143172501609723","8"
"21","CHIDOM","1.12313247175075","1.10257402856499","1.09103167837861","1.07336792953306","1.06877158666003","1.06246568307687","1.05574101236099","1.05262254388809","0.028","0.004","0.002","0.002","0.002","0.002","0.002","0.002","2.48863338265876","3.26691822335599","3.67203900659199","3.47183521687311","3.65377978775938","3.6384200329907","3.53069153227504","3.54602939673693","191"
"22","CHOVEN","0.847458895440735","0.863508490491981","0.921374022651353","0.924880784698104","0.926774057208383","0.956565024489147","0.982896604026862","0.995733463369511","0.508","0.306","0.486","0.408","0.334","0.536","0.82","0.98","-0.780622943069163","-1.04993603678446","-0.751969702274513","-0.883993513165334","-0.990271705818514","-0.652758523825697","-0.263207762879958","-0.0517764987919156","12"
"23","CHRARG","0.417464022448962","0.852330120183791","0.876094227936623","0.983191683985914","0.890104986113437","0.869495199046535","0.853556450178517","0.839969459465987","0.11","0.622","0.6","0.986","0.478","0.306","0.194","0.122","-1.6124044103248","-0.595085490952413","-0.62990365070362","-0.0943912972051387","-0.777911939606014","-1.04410713030881","-1.32405677701802","-1.56686102569632","3"
"24","CINELO","0.898522302177683","0.895500632799428","1.02603540455774","0.991073943103822","0.979237027932279","0.989875552041136","1.00637410552168","1.01131656696437","0.83","0.674","0.796","1","0.91","0.952","0.914","0.896","-0.365469318997748","-0.500451832425692","0.247947422084782","-0.0135602510207879","-0.117986388707758","-0.0464577780397076","0.110021367605852","0.163538633495827","4"
"25","CINMON","0.876260257114715","1.09327898166529","1.1667568263468","1.1596687092245","1.10755455764081","1.086036785472","1.07599086823082","1.05201598247195","0.668","0.596","0.198","0.136","0.22","0.292","0.35","0.49","-0.542132258633391","0.59570452428894","1.34408575164706","1.56460038206549","1.19640550077373","1.04687039716121","0.984124441428595","0.721189931007126","6"
"26","CITAUR",NA,NA,NA,NA,NA,NA,NA,NA,NA,NA,NA,NA,NA,NA,NA,NA,NA,NA,NA,NA,NA,NA,NA,NA,"1"
"27","CITCAU","1.18402319976135","1.06320391388711","1.03503900143903","1.04874321105552","1.06175682116012","1.02943872447671","1.03757552586263","1.0207380015498","0.444","0.664","0.74","0.626","0.53","0.72","0.652","0.778","0.777061972811435","0.424993286763452","0.273154476896506","0.42609315831131","0.62479026305602","0.302803301476182","0.433615557482777","0.243751165652797","7"
"28","CITFRU","0.887735862967722","1.02323268141629","1.07131719104229","1.03204280506958","1.03764412051166","1.09737652183323","1.09214114659167","1.08626336145162","0.778","0.898","0.678","0.822","0.766","0.35","0.338","0.352","-0.442621608645546","0.109181978213759","0.44988967040563","0.224957097165649","0.319170061976425","0.951963282185054","0.988734441893664","0.975769262781139","6"
"29","CLUCLU","0.96522866474416","1.09746115550201","1.31982613681266","1.29852801860074","1.34946515440302","1.33177861714244","1.24914524807669","1.22331952874856","1","0.738","0.226","0.192","0.088","0.078","0.116","0.128","-0.0309769751567286","0.312063281468418","1.27227804764666","1.32877769233072","1.77274814789889","1.85862835930086","1.55720125533487","1.5428252187767","2"
"30","COCPYR","0.762996692670457","0.827397938318654","0.850416476821785","0.8459966616013","0.842758628170207","0.852099725139948","0.858097566915768","0.859647200323727","0.002","0.002","0.002","0.002","0.002","0.002","0.002","0.002","-2.99588583791433","-3.25161870881524","-3.56358278242277","-4.21425844732485","-4.80968497735907","-4.94767759841027","-5.04451842360815","-5.26835843451453","66"
"31","COCSPP","0.946008098474342","0.975135623618651","0.864812325315273","0.828972679918187","0.84471325991071","0.815260253544166","0.828141053224579","0.841731686590658","0.864","0.902","0.104","0.028","0.026","0.004","0.006","0.008","-0.288532671736061","-0.184449468132414","-1.53035262740033","-2.22386996410799","-2.19775940571592","-2.79621656373985","-2.7834760200414","-2.72053572689273","14"
"32","COCSWA","0.949547312624162","0.904707633416514","0.908356859412926","0.905211561624741","0.89645490078002","0.913768446998604","0.91526741417573","0.922567271611757","0.628","0.138","0.056","0.028","0.006","0.008","0.006","0.01","-0.556769643711302","-1.54931335545592","-1.87066612669985","-2.23845001165858","-2.78090836843072","-2.5612591421888","-2.70531091145942","-2.66458569702276","52"
"33","COFARA","0.98540433061128","1.12472566588833","1.05316057805965","1.03064494143816","1.07341433904294","1.05609744589852","1.03038445736186","1.01596828668285","0.95","0.206","0.532","0.658","0.246","0.344","0.534","0.702","-0.125650663949666","1.31313078597208","0.646180578315485","0.420501700376955","1.21015054383998","1.02922696371294","0.629034622180905","0.363064308035067","18"
"34","COMGLA","1.11809723882804","0.97741846360001","0.977620680129917","0.983349149047637","0.987508075970874","0.989047458257231","0.986775644687187","0.985611850445478","0.308","0.752","0.716","0.758","0.798","0.816","0.746","0.724","1.0766468777723","-0.354060686374908","-0.357727595792415","-0.292715975216283","-0.245737747100296","-0.234140488155638","-0.307325766210107","-0.354464411970881","30"
"35","CORBOR","0.931333538783855","0.971815438534538","0.979223466861945","0.98849815736425","0.990921847630289","0.991975955237535","0.991225969319575","0.990065404953893","0.004","0.046","0.08","0.244","0.312","0.354","0.274","0.19","-3.18542041710072","-1.96663427255524","-1.78239051029182","-1.14433673140779","-1.00616642146445","-0.949741583839983","-1.11041850858651","-1.3456625621936","860"
"36","CORSUL","1.06200260354753","1.03959793203884","1.01162549346936","1.01151839919858","0.995877278845813","0.992580300883469","0.986877145402003","0.984777378975388","0.216","0.206","0.612","0.566","0.864","0.728","0.462","0.382","1.28717904737686","1.29073075756666","0.506446124981935","0.584727611273318","-0.145398983299198","-0.346270438511506","-0.721435774510227","-0.914323318912991","190"
"37","CROPOE","0.762396927813552","0.816821504233672","0.829786424113718","0.852498002530224","0.868548002287948","0.884832437087219","0.891985539349746","0.899096475198492","0.002","0.002","0.002","0.002","0.002","0.002","0.002","0.002","-3.98097192122617","-4.66504174204416","-5.38179460654726","-5.3376368206257","-5.23573294986312","-5.02040137982902","-5.01305470802656","-4.91910128894056","138"
"38","CSSGUI","1.04756118642398","1.09407564156181","1.07235862199371","1.06026383787437","1.03156574358591","1.029863252482","1.01496225262802","1.00702379956962","0.512","0.05","0.062","0.088","0.328","0.324","0.62","0.822","0.692841163429514","2.03270341261105","1.83525891403638","1.71052619903156","0.977435551137561","0.984157534562677","0.505206029106489","0.225278524743956","80"
"39","CUPAME",NA,NA,NA,NA,NA,NA,NA,NA,NA,NA,NA,NA,NA,NA,NA,NA,NA,NA,NA,NA,NA,NA,NA,NA,"1"
"40","CYRRAC","0.854950462980015","0.829697543492969","0.918618073954402","0.946291868616569","0.945523813079744","0.965512573151743","0.972116224151653","0.984563019557397","0.394","0.068","0.33","0.478","0.382","0.582","0.646","0.788","-0.922642911962152","-1.74093742576691","-0.969310561549852","-0.725376806518165","-0.836490320175546","-0.559360627185886","-0.474032915637599","-0.257919991864702","18"
"41","DACEXC","1.26017466369124","1.18271852588579","1.13451499845034","1.10302953720936","1.07963184433033","1.0621421844875","1.04947920763058","1.03907214212698","0.002","0.002","0.002","0.002","0.002","0.002","0.002","0.002","14.8908658787127","16.1635690441153","15.3592563543595","13.399701223708","11.5806065342468","10.0108059097491","8.65481823625327","7.09933918201845","1584"
"42","DAPPHI","0.891667519159682","0.954169593778501","1.09285585651488","1.03349039026887","1.01631557154372","0.979359910986612","0.94204334935039","0.92642279337941","0.772","0.89","0.442","0.714","0.81","0.892","0.564","0.414","-0.404153720777696","-0.231497180743939","0.777750710474114","0.381067175496774","0.226412550653801","-0.150489583597493","-0.578884518166013","-0.815149924071222","5"
"43","DENARB","0.878640050044015","0.874849335686316","0.903850214204003","0.926890772069469","0.93927209689901","0.943354294938799","0.95404284482091","0.956540970933191","0.024","0.002","0.002","0.004","0.008","0.006","0.018","0.014","-2.23269997832115","-3.46240428703111","-3.39066426011666","-3.04288533399129","-2.87959021958557","-2.91155554378174","-2.53804484099044","-2.59375267503464","144"
"44","DITMYR",NA,NA,NA,NA,NA,NA,NA,NA,NA,NA,NA,NA,NA,NA,NA,NA,NA,NA,NA,NA,NA,NA,NA,NA,"1"
"45","DRYALB","0.945941628181343","1.06527168939959","0.920500746481693","0.887086079099163","0.882666804008385","0.910683152993736","0.970080406448989","0.949874193767611","0.974","0.71","0.592","0.33","0.262","0.33","0.75","0.54","-0.180671121604662","0.338865950414533","-0.601533411958882","-0.99433729817381","-1.17979369872748","-0.991193032896999","-0.383262842150033","-0.664166721608301","6"
"46","DRYGLA","0.883537989497929","0.943285689504927","0.961023571991383","0.954170874243304","0.959029998760814","0.96260782254426","0.963034762345902","0.964922729224378","0.008","0.026","0.04","0.014","0.012","0.014","0.012","0.01","-3.08190070912064","-2.35483483284083","-2.00855947164362","-2.68352456166438","-2.59150547448781","-2.55384551075826","-2.76047300525719","-2.79484940806502","308"
"47","EUGDOM","0.882631255034696","0.92444654889939","0.853013200029677","0.845588506515659","0.831662355207568","0.842782262155348","0.841753363375059","0.861218938276634","0.374","0.42","0.024","0.01","0.006","0.006","0.002","0.004","-0.929325308255085","-0.877437326519865","-2.09142803844138","-2.51764590721187","-3.07258073768046","-3.09136291927417","-3.3858196974004","-3.18518630810612","26"
"48","EUGSTA","1.02785016192531","0.99591159758456","0.988721975874266","1.00339019635146","1.00322434628795","1.01278966034437","1.01527538916758","1.01030186815559","0.28","0.838","0.44","0.798","0.8","0.238","0.138","0.258","1.0915281754733","-0.205861761941707","-0.739502642673915","0.285245944155405","0.289170966243269","1.15915755313377","1.47818680938758","1.06014100863486","538"
"49","FAROCC","1.2544333368724","1.1157003923109","1.07309481208995","1.06139057744131","1.04488913819737","1.03594769715373","1.03960923891047","1.04088495379309","0.002","0.002","0.002","0.002","0.01","0.018","0.01","0.006","5.55372382260534","4.04201070165577","3.30179087945315","3.26445684767396","2.6338305013423","2.30314078222163","2.68922949022092","2.91493111139973","176"
"50","FICAME","0.728060718083748","0.921034257122394","1.06579642962722","1.13759020726996","1.10707941691867","1.08398438547853","1.07142709018788","1.03635300496737","0.25","0.53","0.514","0.15","0.208","0.26","0.288","0.542","-1.20982523139863","-0.642937639897567","0.656113422653586","1.46440330309106","1.29632127108694","1.12529578776452","1.08587152671038","0.616333271736021","9"
"51","FICCIT","0.802453924622094","0.809264097198619","0.813428418663093","0.836938476276123","0.867830584488203","0.882080039516339","0.883935219140015","0.887921518838006","0.19","0.03","0.006","0.01","0.032","0.028","0.02","0.02","-1.30136721227373","-2.0803134619066","-2.54189118304287","-2.52875613527069","-2.26886732979414","-2.22248626730439","-2.40247519237762","-2.44198525816511","23"
"52","FICCRA","0.604325879975843","0.804060996823258","0.886698860652381","0.952520333987847","1.03525831217207","1.08052710667038","1.12081087335933","1.12382701735487","0.256","0.376","0.558","0.808","0.798","0.51","0.288","0.248","-1.05955434683701","-0.857292046811193","-0.612183230163223","-0.285746044979296","0.24738406293932","0.654678865210313","1.05941057581603","1.18416468405149","4"
"53","FICSPP","0.982397110005666","0.982451625008595","1.01742996616443","0.941468134803046","0.915712077876176","0.904938405826474","0.931015104685917","0.944406872000301","1","0.926","0.798","0.458","0.248","0.134","0.214","0.308","-0.0815654605549145","-0.154327542288949","0.211707040541296","-0.745676589680241","-1.17472837859189","-1.47957773526717","-1.19323827334457","-1.02854555713168","17"
"54","FICTRI","0.921106744942275","0.980141914921875","0.974772038761978","0.942687298323045","0.928092350173003","0.963222224484328","0.990578866285811","1.00219322007814","0.678","0.874","0.754","0.396","0.24","0.516","0.894","0.976","-0.489884228384973","-0.197581487449368","-0.338724540892483","-0.856407433770257","-1.17316046619802","-0.646981057237677","-0.187271409929775","0.0256292494867562","19"
"55","GENAME","0.931522401049549","0.564581685704706","0.682988255139273","0.745070407041691","0.831729246390793","0.856505432806631","0.849202245379995","0.832161401869252","0.938","0.002","0.012","0.014","0.104","0.154","0.096","0.046","-0.247161346086549","-2.56747816844972","-2.3291168848635","-2.1623564521515","-1.57542140853015","-1.42192945305139","-1.62637704665635","-1.87883224414686","5"
"56","GONSPI","0.715682000139037","0.889084958938574","0.886195622672174","0.945649714118242","0.930243468145793","0.887073758533728","0.874100792394934","0.858960673075819","0.322","0.592","0.46","0.71","0.594","0.29","0.178","0.108","-1.07145806437534","-0.636540377586873","-0.794651939341961","-0.446740224729072","-0.637032226003964","-1.08835364527931","-1.30155614398195","-1.55486536173896","5"
"57","GUAGLA","0.797665252555687","0.8600941667789","0.874842930661711","0.893319531646039","0.905913438983886","0.917388113548305","0.929629678018","0.935423656943401","0.002","0.002","0.002","0.002","0.002","0.002","0.002","0.002","-5.49120319115348","-5.96317783749769","-6.74440158133254","-6.56534799433395","-6.54757240776875","-6.38570190748326","-5.9031650605907","-5.83388172925928","304"
"58","GUAGUI","0.804881163030304","0.81022431529283","0.845965018247502","0.862701246213975","0.876710006015664","0.885240502906002","0.901854768272623","0.913970602696789","0.002","0.002","0.002","0.002","0.002","0.002","0.002","0.002","-5.52348588289642","-8.78909700301791","-9.12460672886665","-9.62258238967384","-9.77456115629522","-10.0837236188159","-9.42456371251761","-8.82151365319797","430"
"59","GUAULM","1.07350557069435","0.66227690175013","0.821015011912894","0.858328211432084","0.875917663579644","0.937529048450233","0.900963446380136","0.887463872210108","0.874","0.398","0.496","0.598","0.654","0.922","0.668","0.48","0.116037791761749","-0.930461481308136","-0.698255444900114","-0.60026898793446","-0.595848753113452","-0.322086672755589","-0.595998809933665","-0.748142986551876","2"
"60","GUEVAL","1.1560760991329","1.00816332431537","0.966650142530922","0.959394295522738","0.955872027818281","0.959904615911096","0.958957666592393","0.957996563808114","0.006","0.876","0.204","0.068","0.028","0.02","0.026","0.016","3.0283816709883","0.203909647745201","-1.30305592379148","-1.83835996213284","-2.22294117612786","-2.20086118475692","-2.37570103521446","-2.5590728301006","185"
"61","GUTCAR","0.994470872312801","1.06998553584242","1.04340651149478","1.03891202893141","1.03387517523047","1.0266948491181","1.02617245223417","1.02022274656413","0.902","0.032","0.072","0.064","0.09","0.142","0.122","0.224","-0.126826196291075","2.1526311490071","1.67581125365405","1.75176419076642","1.66859058783463","1.41830474661886","1.47759813782648","1.21193789092228","161"
"62","HENFAS","0.773333677324262","0.793839406474255","0.824114736122063","0.85080960511805","0.917099383391645","0.928521772787927","0.940001315340401","0.970942639214554","0.22","0.078","0.064","0.086","0.296","0.33","0.368","0.648","-1.25084112403025","-1.68351286916716","-1.7823809239982","-1.74849691547811","-1.06161052603348","-0.995221635153867","-0.917643585061535","-0.461578580746121","12"
"63","HIBTIL","1.13428912731461","0.800080780882151","0.757600256251626","0.739455015375415","0.718539028108651","0.703144417832774","0.728567494904471","0.785538087513307","0.464","0.104","0.012","0.002","0.002","0.002","0.002","0.002","0.76127763911174","-1.63662445165019","-2.42876596220034","-3.18214129524732","-3.93320521078986","-4.46025038870485","-4.4005553160366","-3.83907916669133","14"
"64","HIRRUG","1.15418518389355","1.10837874924186","1.10451386728696","1.08794129731049","1.08665137537682","1.08178739849196","1.08020265251234","1.0774062883251","0.002","0.002","0.002","0.002","0.002","0.002","0.002","0.002","6.68140038670494","7.09152779507253","8.06001032744037","7.79288239615309","8.48180719762935","8.63339780109949","9.06675656357529","9.28275708567342","690"
"65","HOMRAC","1.05020320767888","0.981419834598972","0.965150726632786","0.979960130369643","0.990624126346986","0.981791802422136","0.971869705690221","0.972683813718222","0.25","0.494","0.12","0.26","0.588","0.218","0.054","0.046","1.12595481918199","-0.642420773776097","-1.5672227903252","-1.07847902984862","-0.587589081332025","-1.20815412409611","-1.98203983245281","-2.05866999946095","239"
"66","INGLAU","0.93633105390388","0.935086909626638","0.949976339590478","0.958696426214394","0.965143132146491","0.973703265253038","0.975234965950061","0.979956388184238","0.002","0.002","0.002","0.002","0.002","0.002","0.002","0.002","-3.30558425210477","-5.00741636484178","-4.80418360886078","-4.64380626664611","-4.47476846899551","-3.70478766760705","-3.84130496535753","-3.35954658148355","1161"
"67","INGVER","0.947403583625248","0.955140984265533","0.95195678227337","0.957787457292224","0.963748103353713","0.969122226675959","0.971234059973657","0.976751884798948","0.302","0.198","0.062","0.06","0.08","0.114","0.114","0.164","-1.03376437875722","-1.33896965190154","-1.82326459972948","-1.82145987175878","-1.7173097245685","-1.57884584581382","-1.58623160413752","-1.36075225726574","158"
"68","IXOFER","0.998236695417654","0.949046794457451","0.940297587547579","0.963062595598008","0.963436803009856","0.960093306219845","0.954655411747817","0.947812125299036","0.946","0.054","0.01","0.068","0.032","0.02","0.002","0.002","-0.0915368313181285","-1.88431443326844","-2.68175900159091","-1.89635327381727","-2.10797666498227","-2.46967146727148","-2.98825192973025","-3.63088616470617","233"
"69","LAEPRO","0.970269768898861","0.980308813878172","0.992028459161619","1.00899944579379","1.00757715161305","1.00413312950334","1.00359672931495","1.00900866649963","0.598","0.618","0.86","0.722","0.71","0.852","0.878","0.638","-0.503412263805485","-0.462690793489526","-0.208556763827569","0.360063004632215","0.345092984988866","0.205325332327048","0.186675744658706","0.470477628482761","120"
"70","LONLAT","0.525947091445273","0.637059069478916","0.8760773726235","0.798203048394954","0.669986482786226","0.665379643727046","0.752913943214224","0.7902633454184","0.334","0.088","0.482","0.218","0.004","0.008","0.04","0.072","-1.08016688024326","-1.86699478804731","-0.759169486028422","-1.18220727104722","-2.21619388671794","-2.23903908116877","-1.73173796920869","-1.51037387344311","3"
"71","MAGSPL","0.450081898445927","0.692384514661973","0.736567142620386","0.848498749599889","0.920076669009116","0.897915694630854","0.862160806434134","0.883999595234747","0.318","0.332","0.238","0.436","0.626","0.54","0.388","0.474","-1.15845632066142","-1.05632042725461","-1.17757959374943","-0.821833147481895","-0.526124557567778","-0.690080303681536","-0.947249194383433","-0.83079151066804","2"
"72","MALFUR","0.503386790645925","0.521198016914301","0.573734873092333","0.608690646350264","0.687096450531618","0.734163732313022","0.783675169590986","0.83269277275377","0.02","0.002","0.002","0.002","0.002","0.004","0.008","0.018","-2.15354264210308","-3.09975525424483","-3.45050064066734","-3.61126001012584","-3.23041702406978","-3.09492908760099","-2.771238518023","-2.32734158327448","7"
"73","MANBID","1.08666639432147","1.04944281688917","1.03484029392029","1.03286495151079","1.02656709354832","1.02138029401579","1.01786067773132","1.01292613749563","0.002","0.002","0.002","0.002","0.002","0.002","0.004","0.014","5.1326007193834","4.40615046989295","3.86493387956572","4.20051874137617","3.82260754741923","3.40419581277935","3.07145568635599","2.36686281066136","1499"
"74","MANIND","0.265415549597855","0.432550518842163","0.602615776918648","0.659968572925099","0.748214710783147","0.714244722279156","0.761470351489133","0.786890782792745","0.024","0.004","0.008","0.01","0.06","0.006","0.042","0.07","-2.15834152463461","-2.25163104537304","-2.17513243062926","-1.90270735694078","-1.61967231900379","-2.01476783742734","-1.78845970730552","-1.72224034283304","3"
"75","MARNOB","1.21494016000422","1.03083810230744","0.979950249547228","1.02669966354856","1.05528578343489","1.06138753455179","1.07851018921326","1.08103134129235","0.136","0.732","0.842","0.696","0.332","0.234","0.102","0.074","1.49854358928384","0.353005471301243","-0.215483639679369","0.434955475510918","0.979292699953215","1.20462483105953","1.64486559727793","1.82107760914967","19"
"76","MATDOM","1.2534523468135","1.23514067494414","1.20124938295236","1.18367921445938","1.14536350709327","1.12965738108618","1.1189855766256","1.115306074133","0.002","0.002","0.002","0.002","0.002","0.002","0.002","0.002","6.52347882791993","9.10758330984794","9.93704721486214","10.1799647700507","9.07207296858716","8.81457913891547","8.53661250355019","8.6330503291095","298"
"77","MAYELO","0.68296877549941","0.519721725712492","0.685944259363788","0.75133442537836","0.793844839555895","0.866417169879212","0.913340310716865","0.951991552228669","0.18","0.004","0.004","0.028","0.04","0.174","0.402","0.62","-1.39329697141444","-3.11218469635448","-2.46303738252244","-2.1130202334037","-1.92656281609017","-1.32823028480941","-0.902998413477235","-0.500536825367101","8"
"78","MELHER","1.23188339209139","1.22836370794745","1.17098466457281","1.13730197121381","1.12270783224325","1.08689908484198","1.07056056537877","1.05747692705443","0.002","0.002","0.002","0.002","0.002","0.002","0.002","0.002","3.69813102824189","5.61745898668439","5.32974852834998","4.91724465377838","4.9506880723924","3.8215520550109","3.35773191313413","2.89373858401365","102"
"79","MICAFF","1.00635252104306","1.16958956735332","1.10749546484176","1.04835101826193","0.990276852156885","0.97378100517528","0.979755955289346","0.971237182020528","1","0.066","0.128","0.432","0.86","0.626","0.678","0.522","0.020097812548745","1.91965177227627","1.53810875369417","0.792825853606279","-0.163804282946426","-0.492652401305722","-0.415307938785436","-0.635715150419025","19"
"80","MICIMP","0.74266796317814","0.758351056091976","0.806860738803706","0.807438049466235","0.814362678437677","0.836224427368359","0.849092152224101","0.859897206497511","0.002","0.002","0.002","0.002","0.002","0.002","0.002","0.002","-3.93971814566959","-5.40895760308897","-5.24942609788926","-6.04417879993941","-6.36896149428945","-5.99951249848745","-6.0004875575266","-6.00113714807463","85"
"81","MICMIR","0.840609336803936","0.950910062601333","0.947517023264052","0.934001916145285","0.960409198549468","0.896408244488343","0.93222846139135","0.964043545113342","0.502","0.76","0.678","0.514","0.656","0.222","0.38","0.622","-0.730507263890277","-0.355787384951978","-0.464173622850477","-0.67309966411575","-0.461684165305817","-1.23728303433479","-0.894848054690585","-0.518010978166828","7"
"82","MICPRA","1.02550689137046","1.01835794143119","1.01853103560009","1.01947333911885","1.02313519746963","1.02174692556571","1.02399232748024","1.02527121937401","0.266","0.206","0.106","0.064","0.014","0.014","0.006","0.002","1.11965811853668","1.27159063105209","1.57430253297579","1.89969825622556","2.51939701759556","2.54630382701041","3.01645014115707","3.34702075239145","738"
"83","MICTET","1.07433032448929","1.07395031986839","1.06701755144949","1.07867530622784","1.05344634835233","1.053196129365","1.04903432075096","1.04111133324367","0.238","0.06","0.04","0.002","0.042","0.022","0.016","0.034","1.19396294794895","1.82576090778984","2.03516335407667","2.80566947920914","2.1902820625043","2.36532882193736","2.40718553767497","2.16634906735458","111"
"84","MIRCHR","1.19177372032235","1.08731001359699","1.15873528759114","1.11933072459426","1.13638531864099","1.1871199401758","1.17698774998886","1.16484754862834","0.48","0.648","0.31","0.382","0.24","0.094","0.104","0.106","0.718443171582479","0.458078008216623","1.02766416568747","0.903056642511766","1.16795997065233","1.77379760736941","1.76691363602667","1.70466666230618","6"
"85","MIRGAR","1.26043046718454","1.15045528617125","1.13782965832984","1.14254075412702","1.11551254969168","1.09873993421394","1.08695128491335","1.08356600575405","0.008","0.014","0.008","0.002","0.004","0.016","0.022","0.016","3.20251693495981","2.64139384551517","2.85733426210265","3.34177968889189","2.92871300027759","2.69971977683661","2.47700407874685","2.53629122714087","53"
"86","MYRDEF","0.960168080826563","0.978613424332752","0.967228132103244","0.967482458069389","0.963097595518936","0.963743267284938","0.960721989586851","0.959028203206242","0.238","0.356","0.056","0.038","0.01","0.006","0.004","0.004","-1.15797710922711","-0.950333404326542","-1.84438921244142","-2.06829830327333","-2.61435150612874","-2.83835308543262","-3.31647655646922","-3.6478309468052","323"
"87","MYRFAL","1.10863078005211","1.02987403048768","1.03672888217265","1.09176574830385","1.19238072413561","1.22157379447346","1.21184659990499","1.20744441734454","0.712","0.848","0.746","0.498","0.162","0.076","0.076","0.066","0.409001145988647","0.197833690295904","0.292317608532331","0.688614441810076","1.49508769269632","1.81979679417816","1.86464115082597","1.92185824962182","4"
"88","MYRLEP","1.17323503764871","1.1217261035774","1.11756340260136","1.10336939752248","1.09064574794578","1.08832477018737","1.07727083690374","1.06888891528426","0.002","0.002","0.002","0.002","0.002","0.002","0.002","0.002","3.41177262549715","3.79190055514017","4.51559228281631","4.56595786048194","4.45556219642929","4.73924020660208","4.47985286934925","4.30228053113181","153"
"89","MYRSPL","0.983337221106431","0.967103962455398","0.964766073427315","0.961643139481755","0.95559396453516","0.962426971304798","0.973175925577304","0.978384520826359","0.732","0.208","0.098","0.036","0.01","0.01","0.054","0.08","-0.400537238483421","-1.27584767820991","-1.67925188560105","-2.12618381658967","-2.79845631992081","-2.60956062645679","-2.00968510210227","-1.75114316094779","230"
"90","OCHPYR","1.11931821808256","0.834655106767776","0.829872078709187","0.784612107093494","0.740247993550294","0.756354835524309","0.772680940352569","0.800642557145925","0.832","0.71","0.574","0.352","0.228","0.218","0.194","0.226","0.256988927379022","-0.505232176280939","-0.641810660636428","-0.933662935101782","-1.23394116765968","-1.28212163002907","-1.28651303274695","-1.22617656043895","2"
"91","OCOFLO","1.06605532271738","1.34542376440379","1.12046193127613","1.16411470497273","1.16803853010469","1.13315756760793","1.13789934350723","1.11836552213658","0.858","0.088","0.4","0.224","0.16","0.188","0.132","0.148","0.236851956176772","1.84900568959623","0.860891320200705","1.29762606217667","1.50056095180473","1.31886414866758","1.53018439406304","1.45506925439781","6"
"92","OCOGLO",NA,NA,NA,NA,NA,NA,NA,NA,NA,NA,NA,NA,NA,NA,NA,NA,NA,NA,NA,NA,NA,NA,NA,NA,"1"
"93","OCOLEU","1.10416270033587","1.06927890558923","1.06624518859754","1.06391246101506","1.06818947394949","1.06982889018547","1.06415852014686","1.05628355486492","0.004","0.002","0.002","0.002","0.002","0.002","0.002","0.002","3.856349849291","4.08889452010853","4.67107516655064","5.10102195527822","6.01286409233636","6.66549264693562","6.64407274956602","6.14120737656267","536"
"94","OCOMOS","1.24568801722706","1.18610728838358","1.07119402584047","1.06098824758582","1.06764032735977","1.0768994279048","1.05494738776074","1.03961849996754","0.108","0.03","0.312","0.29","0.21","0.114","0.206","0.308","1.72499622094565","2.10760944587041","0.998403178185281","1.01386232919256","1.29431075115772","1.66965286421195","1.30744688975714","1.01598020623315","24"
"95","OCOPOR","0.381868750651416","0.647107967043227","0.838176914605136","0.848463945426802","0.891708324274443","0.908948799042824","0.921232339158946","0.939530544016813","0.046","0.078","0.384","0.316","0.428","0.454","0.508","0.602","-1.81690680086513","-1.60140829299715","-0.950972415587319","-1.02049915675714","-0.829034085189236","-0.760776252630004","-0.70670586968859","-0.588937749953365","4"
"96","OCOSIN","1.0743647435225","0.990554560068202","0.982061046798636","0.977675030220621","0.972492608546322","0.955971258854256","0.956898326251221","0.959087773232467","0.232","0.826","0.598","0.442","0.284","0.054","0.036","0.034","1.23963549884246","-0.218585495114209","-0.544254352844585","-0.774439928013692","-1.06826917600251","-1.91692096296209","-2.05253014442646","-2.11929681611995","112"
"97","ORMKRU","1.14991158885756","1.1198280316465","1.12043841729938","1.12010020754183","1.10424087514815","1.09797749583338","1.09830412487175","1.09487322540349","0.016","0.004","0.002","0.002","0.002","0.002","0.002","0.002","2.64424138188735","3.51061074964944","4.54197504958586","5.1555045303341","4.99875503831047","5.09341530343945","5.48264057351746","5.64893228001578","154"
"98","OXALAU","1.8007287638223","1.07891695272252","1.09558668415417","1.08624416188679","1.09762550776851","1.06523094401881","1.04476030659208","1.0662916020645","0.006","0.596","0.408","0.354","0.264","0.36","0.446","0.226","3.14185423241842","0.520207791763964","0.8169187955277","0.914414146271764","1.16700737924345","0.923293676629895","0.739318843589708","1.20490545290489","9"
"99","PALRIP","0.968810125787219","1.00752327917368","1.01682235055295","1.01252288207021","1.01063455234008","1.01086121745968","1.01774026817874","1.01711868753147","0.078","0.49","0.072","0.152","0.18","0.142","0.014","0.014","-1.78670438213433","0.66611612389193","1.77326490226638","1.4453181560609","1.38379206954016","1.51739840234638","2.63424915827767","2.69594593924106","1168"
"100","PIPAMA",NA,NA,NA,NA,NA,NA,NA,NA,NA,NA,NA,NA,NA,NA,NA,NA,NA,NA,NA,NA,NA,NA,NA,NA,"1"
"101","PIPBLA","0.92603027005951","0.885635860239738","0.815535997255261","0.836503681847042","0.862076149507702","0.891920125663725","0.90586950177695","0.906001911418996","0.454","0.046","0.002","0.002","0.002","0.002","0.002","0.002","-0.803266853086136","-2.09140879228198","-4.22784856809171","-4.41571504990041","-4.16052538869352","-3.56142630933584","-3.37856147712728","-3.66241225744879","49"
"102","PIPGLA","0.697589478438611","0.770019414533123","0.846972649212807","0.858728043285143","0.881435890361737","0.910768344302789","0.933544507973903","0.956344408634748","0.002","0.002","0.002","0.002","0.002","0.002","0.006","0.052","-4.6059230432569","-5.08692456951882","-4.15005910836258","-4.29310275921392","-4.078352608944","-3.37435088955922","-2.7265108355374","-1.95790631935764","79"
"103","PIPHIS","0.71757712826477","0.59081339786768","0.883933113192647","1.07031142136126","1.00286889830303","1.04665196847065","1.05120880233605","1.06047699057687","0.524","0.072","0.562","0.63","0.962","0.718","0.68","0.618","-0.783615645905977","-1.8472057281452","-0.638069274674279","0.514988508133981","0.0562374579742285","0.390555811862212","0.460411865575951","0.555177029653072","3"
"104","PISBOR",NA,NA,NA,NA,NA,NA,NA,NA,NA,NA,NA,NA,NA,NA,NA,NA,NA,NA,NA,NA,NA,NA,NA,NA,"1"
"105","PLEMAC",NA,NA,NA,NA,NA,NA,NA,NA,NA,NA,NA,NA,NA,NA,NA,NA,NA,NA,NA,NA,NA,NA,NA,NA,"1"
"106","PREMON","0.717042913149562","0.827777917911555","0.87666179824528","0.899749830965843","0.916679809067564","0.929900591770109","0.939018357353027","0.944900307973125","0.002","0.002","0.002","0.002","0.002","0.002","0.002","0.002","-29.4220670592386","-28.0070414277634","-25.112591481266","-23.6633724291648","-21.6759593048716","-19.775810286557","-18.387023070793","-17.9896266308576","4724"
"107","PSESPU","0.863333434036978","0.815689700387833","0.811557899565908","0.818916735653966","0.818514089281114","0.818013151218359","0.813842815605696","0.817305536781522","0.022","0.002","0.002","0.002","0.002","0.002","0.002","0.002","-2.24744622777346","-4.71739961271696","-5.92459859600306","-6.57842772768501","-7.47439808775006","-8.27354334042759","-9.03931992834117","-9.60893193165385","104"
"108","PSYBER","0.957613322876541","0.972314412874666","0.970164822595246","0.971539665065319","0.974559394838292","0.976317662919746","0.97769154693495","0.981160958810273","0.028","0.018","0.002","0.002","0.002","0.002","0.002","0.002","-2.4770235162226","-2.42536465265313","-3.30172769606864","-3.61283336943983","-3.62265176216437","-3.65498083100639","-3.71679191018416","-3.31983053617757","1314"
"109","PSYBRA","0.976372867526227","0.983684289381902","0.984226807517963","0.983820040821316","0.986470234766808","0.991351326168484","0.99151133922682","0.993252526778752","0.102","0.076","0.038","0.024","0.03","0.14","0.128","0.194","-1.64362184588529","-1.69448622136583","-2.0049609592401","-2.35122836127102","-2.18752374372104","-1.49902547416297","-1.58526604182439","-1.33450991876441","1561"
"110","PSYGRA","0.656500141238913","0.813212153518326","0.789049542799073","0.778689248212844","0.835158717861625","0.817291121113784","0.815594240289333","0.819242866527542","0.062","0.132","0.03","0.004","0.038","0.014","0.006","0.006","-1.90607615645194","-1.59084853005117","-2.16993922120904","-2.57168702831365","-2.07673937208286","-2.48815005667844","-2.68799873268379","-2.82198708450584","12"
"111","PTEOFF","0.360099684691222","0.720593830794637","1.05892022083604","1.15974696292614","1.2188429291104","1.2350564785634","1.20231224008327","1.21091795880871","0.106","0.25","0.69","0.274","0.112","0.058","0.062","0.03","-1.53984212952443","-1.18513445514271","0.386942251239903","1.13229716099769","1.74340992568045","2.10261094764759","2.00573709677526","2.29577062904372","4"
"112","QUATUR",NA,NA,NA,NA,NA,NA,NA,NA,NA,NA,NA,NA,NA,NA,NA,NA,NA,NA,NA,NA,NA,NA,NA,NA,"1"
"113","RHEPOR","1.17598312422874","1.16061755641583","1.11572389947566","1.10678388919833","1.09193245561972","1.07040644786143","1.05286570427105","1.04806620300913","0.048","0.004","0.016","0.012","0.01","0.018","0.078","0.084","2.21433915275279","3.0233046036615","2.62299410288049","2.79855639381092","2.69189523932102","2.25511692552278","1.80121003777083","1.72611431200692","49"
"114","RONPOR","0.516161690611565","0.625266863229813","0.644498280898004","0.66736057397315","0.739983868109947","0.825531216614876","0.864453949759534","0.912207968943325","0.08","0.024","0.01","0.006","0.018","0.048","0.086","0.254","-1.78758461351954","-2.18914801096139","-2.71656336911949","-2.90678732649252","-2.55308672670357","-1.91505513849228","-1.62545235187747","-1.13863118031498","6"
"115","ROYBOR","0.817549476160887","0.928754221305518","0.936580863087438","0.952695141039558","0.945713006085107","0.940142169640191","0.939405594587293","0.950032715769851","0.066","0.292","0.198","0.244","0.174","0.106","0.08","0.116","-1.77984348318682","-1.04406794067399","-1.26120755472763","-1.12828130136529","-1.44262785594388","-1.69791206697008","-1.85867866484032","-1.65089858910994","44"
"116","SAMSPI","1.04737006476301","0.946747086315507","0.917921657231903","0.905906837695985","0.903103210784522","0.892731409452676","0.907369808438388","0.914057534983551","0.524","0.284","0.026","0.002","0.002","0.002","0.002","0.002","0.638147249867383","-1.11205059386683","-2.16981910337825","-2.86543325651317","-3.34371020100398","-4.07920618100174","-3.84836259569211","-3.84529814243207","73"
"117","SAPLAU","0.94105244570543","0.918936176532721","0.935060566835694","0.933081189665175","0.93414490209029","0.936828381149344","0.939150412801788","0.940915901338992","0.264","0.014","0.018","0.004","0.004","0.004","0.004","0.002","-1.16892454634068","-2.44983704875337","-2.43336823519125","-2.93857508198079","-3.2770026571911","-3.46405519905184","-3.64253983750748","-3.76882675230643","178"
"118","SCHMOR","1.07652509185862","1.07588384326877","1.04617826179198","1.0279902871265","1.01715215798191","1.01095863204349","1.00737267265341","1.00586523536752","0.002","0.002","0.002","0.002","0.012","0.086","0.222","0.28","4.39242584223194","6.5554484714123","5.09335520600912","3.65098800978701","2.49678853098255","1.73930816769112","1.25707527525189","1.06073539077214","1309"
"119","SIMAMA","1.19634801176997","1.26931376224243","1.23876426258534","1.19273149848468","1.2058426749587","1.15512250282174","1.0963343769078","1.0958550531383","0.534","0.18","0.154","0.212","0.128","0.228","0.444","0.416","0.646166043535141","1.47360236690864","1.52920036366488","1.3431772582725","1.53153489430765","1.25479626760887","0.793441023254707","0.866608047453439","4"
"120","SLOBER","0.974182302458226","0.998687335574892","0.994038771148383","0.988657115111101","0.979872641108847","0.97440247535962","0.969826902573817","0.966018999108206","0.04","0.862","0.332","0.044","0.002","0.002","0.002","0.002","-2.0873516142885","-0.163168648759263","-0.925023602069168","-2.01298814668125","-4.02609399638696","-5.71364643533942","-7.38598467149657","-8.88343831984829","2763"
"121","SPACAM",NA,NA,NA,NA,NA,NA,NA,NA,NA,NA,NA,NA,NA,NA,NA,NA,NA,NA,NA,NA,NA,NA,NA,NA,"1"
"122","SWIMAC","0.72245445928943","0.775617922152092","0.909390662536836","0.885416367480872","0.934383880243683","0.916353323001712","0.929839868187759","0.939957252681356","0.29","0.112","0.464","0.272","0.502","0.328","0.388","0.438","-1.16434968620519","-1.48544749299038","-0.769881267541943","-1.07810612196404","-0.683068878324974","-0.953112681210078","-0.859655025347617","-0.789881014271129","7"
"123","SYMMAR","1.23609101867828","1.04329439979868","0.99293364897327","1.03134145360268","1.03437441105521","1.01905350388811","1.02089914876934","1.02323699690778","0.102","0.584","0.902","0.564","0.498","0.724","0.652","0.594","1.73844082758061","0.566163282668971","-0.141745843599156","0.567971696575809","0.677599537114556","0.375091837124032","0.451219449557388","0.564884890732352","19"
"124","SYZJAM","1.01666671162046","0.993641185863402","0.967420709338671","0.954353464210141","0.955771042673034","0.960501251027547","0.964582084438166","0.977046624745182","0.898","0.87","0.386","0.144","0.12","0.142","0.166","0.332","0.186622625092094","-0.132133775608647","-0.885051571073255","-1.46985372289003","-1.55349311498084","-1.5028444803684","-1.43452557872255","-1.00241644322436","67"
"125","TABHET","1.00726956798984","0.983012919793853","0.983642492158717","0.989248885220819","0.992237113199508","0.99774230379297","0.997119130962206","0.998438043356866","0.794","0.33","0.228","0.34","0.406","0.8","0.74","0.84","0.265112987308298","-1.03216770434004","-1.26091164082698","-0.9928678821832","-0.831401688757715","-0.29782519293105","-0.390515231397167","-0.243444841777165","637"
"126","TERLUQ",NA,NA,NA,NA,NA,NA,NA,NA,NA,NA,NA,NA,NA,NA,NA,NA,NA,NA,NA,NA,NA,NA,NA,NA,"1"
"127","TETBAL","1.16016613972487","1.0994759887901","1.07363644278635","1.07331951751193","1.06555263952468","1.05342080154224","1.04763764760456","1.0441717249899","0.002","0.002","0.002","0.002","0.002","0.002","0.002","0.002","5.43408925623092","5.4677098345303","4.9648363939443","5.67334796837294","5.60766209282199","4.99435680922632","4.78602331879271","4.69540744616417","496"
"128","TETURB",NA,NA,NA,NA,NA,NA,NA,NA,NA,NA,NA,NA,NA,NA,NA,NA,NA,NA,NA,NA,NA,NA,NA,NA,"1"
"129","TREMIC","0.343995231660307","0.85959107645651","0.893748846238012","0.969264759670277","1.02405294388782","0.982914102116947","0.993535319445429","0.98524548902349","0.026","0.504","0.512","0.856","0.806","0.916","0.97","0.89","-2.05998997718163","-0.725372178284135","-0.676820259771857","-0.220958390145929","0.206922527924502","-0.162339262033907","-0.0634685726987125","-0.154506893006707","5"
"130","TRIPAL","0.938091527668695","0.91494352123185","0.912805318246569","0.918296433547586","0.929936269512978","0.936153650395884","0.944911625049533","0.94937227664943","0.02","0.002","0.002","0.002","0.002","0.002","0.002","0.002","-2.37448499904971","-4.88549225089456","-6.2848657705365","-6.8033055035173","-6.40559325439113","-6.46367790851675","-6.05563364368215","-6.02071152549939","627"
"131","TUROCC","1.37643436627829","1.11592578894783","1.18579287846953","0.996288712183727","0.964053530667292","0.921312164008634","0.929843966716453","0.923755460106792","0.454","0.7","0.478","0.986","0.862","0.634","0.65","0.608","0.869909750373113","0.376244642535829","0.736924676363383","-0.0639450592801955","-0.256193179342772","-0.509709123729976","-0.47012575828078","-0.524295074826852","2"
"132","UREBAC","0.96156304091589","0.859550162672024","0.813192378603091","0.81681820262942","0.821589513164479","0.841252554264401","0.851172848382716","0.858305372517725","0.428","0.002","0.002","0.002","0.002","0.002","0.002","0.002","-0.79402349517961","-3.9581014142006","-6.45806913375044","-7.32141932450533","-7.79966014422977","-7.59120351208469","-7.78498329721499","-7.99241394444234","144"
"133","VITDIV",NA,NA,NA,NA,NA,NA,NA,NA,NA,NA,NA,NA,NA,NA,NA,NA,NA,NA,NA,NA,NA,NA,NA,NA,"1"
"134","XYLSCH",NA,NA,NA,NA,NA,NA,NA,NA,NA,NA,NA,NA,NA,NA,NA,NA,NA,NA,NA,NA,NA,NA,NA,NA,"1"
"135","ZANMAR","1.20499671257409","1.06239814109727","0.980556100986941","0.986208181819848","1.00266941494728","0.98480189578807","0.97922671521581","0.974857248903879","0.104","0.382","0.768","0.818","0.9","0.742","0.616","0.53","1.73382953880174","0.851983761611903","-0.29419488899969","-0.222053570650214","0.109953872995151","-0.321544485353503","-0.496724486810223","-0.640756669835709","34"
